"productId","category","description","discount","images","imageUrl","name","price","section","specifications"
"HL-PROJ-BILED-2.5-002","Headlight Projectors","Enhanced version with upgraded CREE XHP50.2 LED chips and active cooling system. Optimized reflector increases foreground spread by 15%.","","","https://lighthubcustoms.s3.us-east-1.amazonaws.com/products/2.5+headlight+bi+led+projector.jpg","2.5-Inch Bi-LED Projector (High-Output Version)","2800000","accessory","""Projector Diameter: 2.5 Inches | LED Power: 40W Low / 55W High | Luminous Flux: 3800 Lumens (Low) / 6000 Lumens (High) | Color: 5500K | Cooling: Copper Heat Pipe + Fan | Lifespan: >50,000 Hours"""
"PROD-1779571893199-11","Exterior Accessories","High-quality automotive LED lighting solution. 168 LED License Plate Light designed for superior performance and durability.","","","https://lighthubcustoms.s3.us-east-1.amazonaws.com/products/IMG-20260418-WA0031.jpeg","168 LED License Plate Light","700","accessory","""Bulb Type: 168 | Power: 3W | Lumens: 400LM | Color: 6000K White | Lifespan: 50,000 Hours"""
"PROD-1779572561500-45","Interior Lighting","""Premium T10 LED Interior Light - Ice Blue. High-quality automotive LED lighting solution designed for superior performance, durability, and easy installation. Perfect upgrade for your vehicle.""","","[{""S"":""https://lighthubcustoms.s3.us-east-1.amazonaws.com/products/IMG-20260418-WA0327.jpeg""},{""S"":""https://lighthubcustoms.s3.us-east-1.amazonaws.com/products/IMG-20260418-WA0328.jpeg""}]","https://lighthubcustoms.s3.us-east-1.amazonaws.com/products/IMG-20260418-WA0327.jpeg","T10 LED Interior Light - Ice Blue","1000","best-seller","""Power: 5W | Lumens: 600LM | Lifespan: 50,000 Hours | Color: Ice Blue"""
"PROD-1779571943886-2","Headlights","High-quality automotive LED lighting solution. HB3 High Beam LED Bulb designed for superior performance and durability.","","","https://lighthubcustoms.s3.us-east-1.amazonaws.com/products/IMG-20260418-WA0006.jpeg","HB3 High Beam LED Bulb","4000","carousel","""Bulb Type: HB3 | Power: 40W | Lumens: 8000LM | Color: 6000K | Lifespan: 50,000 Hours"""
"PROD-1779571972439-17","Accessories","High-quality automotive LED lighting solution. LED Decoder/Resistor Kit designed for superior performance and durability.","","","https://lighthubcustoms.s3.us-east-1.amazonaws.com/products/IMG-20260418-WA0051.jpeg","LED Decoder/Resistor Kit","800","accessory","Type: 50W 6Ω Load Resistor | Quantity: 2 Pieces | Purpose: Error Code Elimination | Heat Resistant"
"PROD-1779572355715-0","Headlights","""Premium H11 LED Headlight Bulb - 6000K. High-quality automotive LED lighting solution designed for superior performance, durability, and easy installation. Perfect upgrade for your vehicle.""","","[{""S"":""https://lighthubcustoms.s3.us-east-1.amazonaws.com/products/IMG-20260418-WA0002.jpg""},{""S"":""https://lighthubcustoms.s3.us-east-1.amazonaws.com/products/IMG-20260418-WA0003.jpeg""}]","https://lighthubcustoms.s3.us-east-1.amazonaws.com/products/IMG-20260418-WA0002.jpg","H11 LED Headlight Bulb - 6000K","4500","best-seller","""Power: 50W | Lumens: 10000LM | Lifespan: 50,000 Hours | Color: 6000K"""
"PROD-1779571974582-18","Headlight Projectors","High-quality automotive LED lighting solution. Bi-LED Projector Retrofit Kit designed for superior performance and durability.","","","https://lighthubcustoms.s3.us-east-1.amazonaws.com/products/IMG-20260418-WA0052.jpeg","Bi-LED Projector Retrofit Kit","15000","carousel","Size: 3.0 Inch | Power: 60W | Lumens: 12000LM | Color: 6000K | Beam: Bi-Function Low/High"
"PROD-1779572504323-34","Taillights","""Premium 921 LED Reverse Light - 6500K. High-quality automotive LED lighting solution designed for superior performance, durability, and easy installation. Perfect upgrade for your vehicle.""","","[{""S"":""https://lighthubcustoms.s3.us-east-1.amazonaws.com/products/IMG-20260418-WA0246.jpeg""},{""S"":""https://lighthubcustoms.s3.us-east-1.amazonaws.com/products/IMG-20260418-WA0248.jpeg""}]","https://lighthubcustoms.s3.us-east-1.amazonaws.com/products/IMG-20260418-WA0246.jpeg","921 LED Reverse Light - 6500K","1400","accessory","""Power: 12W | Lumens: 1500LM | Lifespan: 50,000 Hours | Color: 6500K"""
"PROD-1779572606846-56","Headlight Projectors","""Premium Bi-LED Projector - 3.0 Inch. High-quality automotive LED lighting solution designed for superior performance, durability, and easy installation. Perfect upgrade for your vehicle.""","","[{""S"":""https://lighthubcustoms.s3.us-east-1.amazonaws.com/products/IMG-20260418-WA0399.jpeg""},{""S"":""https://lighthubcustoms.s3.us-east-1.amazonaws.com/products/IMG-20260418-WA0400.jpeg""},{""S"":""https://lighthubcustoms.s3.us-east-1.amazonaws.com/products/IMG-20260418-WA0401.jpeg""}]","https://lighthubcustoms.s3.us-east-1.amazonaws.com/products/IMG-20260418-WA0399.jpeg","Bi-LED Projector - 3.0 Inch","15000","new-arrival","Power: 60W | Lumens: 12000LM | Beam: Bi-Function | Color: 3.0 Inch"
"PROD-1779572401469-10","Headlights","""Premium HB3 LED Headlight Bulb - 6500K. High-quality automotive LED lighting solution designed for superior performance, durability, and easy installation. Perfect upgrade for your vehicle.""","","[{""S"":""https://lighthubcustoms.s3.us-east-1.amazonaws.com/products/IMG-20260418-WA0068.jpeg""},{""S"":""https://lighthubcustoms.s3.us-east-1.amazonaws.com/products/IMG-20260418-WA0069.jpeg""}]","https://lighthubcustoms.s3.us-east-1.amazonaws.com/products/IMG-20260418-WA0068.jpeg","HB3 LED Headlight Bulb - 6500K","4300","best-seller","""Power: 40W | Lumens: 8000LM | Lifespan: 50,000 Hours | Color: 6500K"""
"HL-PROJ-TRLASER-001","Headlight Projectors","The pinnacle of aftermarket lighting technology. Incorporates three high-power laser diodes alongside a quad-chip Bi-LED array for unparalleled high beam performance.","30% OFF","","https://lighthubcustoms.s3.us-east-1.amazonaws.com/products/Triple+laser+bi-led+projector.jpg","3.0-Inch Triple Laser Bi-LED Projector (Ultimate Edition)","4500000","deal","""Projector Size: 3.0 Inch | Light Sources: 4x CREE XHP70.2 LEDs + 3x 2.5W Laser Diodes | Total System Power: ~65W | Peak High Beam Intensity: >350,000 Candela | Beam Distance: 180-220m (Low) / 550-700m (High) | Warranty: 5 Years Limited"""
"PROD-1779572525274-39","Turn Signals","""Premium 7440 LED Turn Signal - Switchback White/Amber. High-quality automotive LED lighting solution designed for superior performance, durability, and easy installation. Perfect upgrade for your vehicle.""","","[{""S"":""https://lighthubcustoms.s3.us-east-1.amazonaws.com/products/IMG-20260418-WA0285.jpeg""},{""S"":""https://lighthubcustoms.s3.us-east-1.amazonaws.com/products/IMG-20260418-WA0286.jpeg""}]","https://lighthubcustoms.s3.us-east-1.amazonaws.com/products/IMG-20260418-WA0285.jpeg","7440 LED Turn Signal - Switchback White/Amber","2000","accessory","""Power: 10W | Lumens: 1200LM | Lifespan: 50,000 Hours | Color: Switchback White/Amber"""
"PROD-1779571983956-22","Interior Lighting","High-quality automotive LED lighting solution. Footwell Lighting Kit - RGB designed for superior performance and durability.","","","https://lighthubcustoms.s3.us-east-1.amazonaws.com/products/IMG-20260418-WA0066.jpeg","Footwell Lighting Kit - RGB","1800","best-seller","Strips: 4 x 30cm | LEDs: RGB Multicolor | Control: Remote | Modes: 8 Colors + Music Sync"
"PROD-1779572447395-21","Fog Lights","""Premium H11 Fog Light LED - Yellow 3000K. High-quality automotive LED lighting solution designed for superior performance, durability, and easy installation. Perfect upgrade for your vehicle.""","","[{""S"":""https://lighthubcustoms.s3.us-east-1.amazonaws.com/products/IMG-20260418-WA0147.jpeg""},{""S"":""https://lighthubcustoms.s3.us-east-1.amazonaws.com/products/IMG-20260418-WA0153.jpeg""},{""S"":""https://lighthubcustoms.s3.us-east-1.amazonaws.com/products/IMG-20260418-WA0154.jpeg""}]","https://lighthubcustoms.s3.us-east-1.amazonaws.com/products/IMG-20260418-WA0147.jpeg","H11 Fog Light LED - Yellow 3000K","3500","new-arrival","""Power: 30W | Lumens: 6000LM | Lifespan: 50,000 Hours | Color: Yellow 3000K"""
"PROD-1779572452477-22","Fog Lights","""Premium H11 Fog Light LED - White 6000K. High-quality automotive LED lighting solution designed for superior performance, durability, and easy installation. Perfect upgrade for your vehicle.""","","[{""S"":""https://lighthubcustoms.s3.us-east-1.amazonaws.com/products/IMG-20260418-WA0155.jpeg""},{""S"":""https://lighthubcustoms.s3.us-east-1.amazonaws.com/products/IMG-20260418-WA0156.jpeg""},{""S"":""https://lighthubcustoms.s3.us-east-1.amazonaws.com/products/IMG-20260418-WA0157.jpeg""}]","https://lighthubcustoms.s3.us-east-1.amazonaws.com/products/IMG-20260418-WA0155.jpeg","H11 Fog Light LED - White 6000K","3800","carousel","""Power: 30W | Lumens: 6000LM | Lifespan: 50,000 Hours | Color: White 6000K"""
"PROD-1779572436182-18","Headlights","""Premium D2S HID Xenon Bulb - 4300K. High-quality automotive LED lighting solution designed for superior performance, durability, and easy installation. Perfect upgrade for your vehicle.""","","[{""S"":""https://lighthubcustoms.s3.us-east-1.amazonaws.com/products/IMG-20260418-WA0129.jpeg""},{""S"":""https://lighthubcustoms.s3.us-east-1.amazonaws.com/products/IMG-20260418-WA0131.jpeg""}]","https://lighthubcustoms.s3.us-east-1.amazonaws.com/products/IMG-20260418-WA0129.jpeg","D2S HID Xenon Bulb - 4300K","8000","deal","""Power: 35W | Lumens: 3200LM | Lifespan: 3,000 Hours | Color: 4300K"""
"PROD-1779571880333-5","Fog Lights","High-quality automotive LED lighting solution. H8 Fog Light LED - White designed for superior performance and durability.","","","https://lighthubcustoms.s3.us-east-1.amazonaws.com/products/IMG-20260418-WA0015.jpeg","H8 Fog Light LED - White","3200","new-arrival","""Bulb Type: H8 | Power: 25W | Lumens: 5000LM | Color: 6000K White | Lifespan: 50,000 Hours"""
"PROD-1779572528292-40","Turn Signals","""Premium 3157 LED Turn Signal - Amber. High-quality automotive LED lighting solution designed for superior performance, durability, and easy installation. Perfect upgrade for your vehicle.""","","[{""S"":""https://lighthubcustoms.s3.us-east-1.amazonaws.com/products/IMG-20260418-WA0287.jpeg""},{""S"":""https://lighthubcustoms.s3.us-east-1.amazonaws.com/products/IMG-20260418-WA0288.jpeg""}]","https://lighthubcustoms.s3.us-east-1.amazonaws.com/products/IMG-20260418-WA0287.jpeg","3157 LED Turn Signal - Amber","1400","best-seller","""Power: 10W | Lumens: 1200LM | Lifespan: 50,000 Hours | Color: Amber"""
"PROD-1779571977294-19","Angel Eyes & Halo Rings","High-quality automotive LED lighting solution. Angel Eye Halo Rings - 80mm designed for superior performance and durability.","","","https://lighthubcustoms.s3.us-east-1.amazonaws.com/products/IMG-20260418-WA0053.jpeg","Angel Eye Halo Rings - 80mm","1800","new-arrival","Diameter: 80mm | LEDs: SMD 2835 | Color: 6000K White | Power: 3W | Quantity: 2 Rings"
"ACC-COTTON-ANGEL-001","Angel Eyes & Halo Rings","""Premium halo ring that produces perfectly smooth, diffused glow without LED hotspots. Emulates high-end factory LED signatures.""","","","https://lighthubcustoms.s3.us-east-1.amazonaws.com/products/5d+angel+rings.jpg","Cotton Effect Angel Eye Ring (OEM Style)","800000","accessory","Ring Diameters: 75mm-105mm | LED Type: Cool White 6000K SMD 2835 | Brightness: 400 Lumens per ring | Power: 3W per ring | Connection: Simple 2-Wire"
"INT-AMB-FOOT-001","Interior Lighting","""Two-zone kit for illuminating driver and passenger footwells with soft, adjustable glow. Features static colors, breathe effect, and music reaction.""","","","https://lighthubcustoms.s3.us-east-1.amazonaws.com/products/Interior+ambient+light2.jpg","Dedicated Footwell Ambient Lighting Kit","350000","new-arrival","""LED Strips: 2 x 30cm Flexible RGB Strips | Brightness: Adjustable | Control: Wired 4-Button Remote | Modes: 8 Static Colors, Breathe, Music Mode"""
"PROD-1779571998805-29","Turn Signals","High-quality automotive LED lighting solution. Switchback LED Turn Signal - White/Amber designed for superior performance and durability.","","","https://lighthubcustoms.s3.us-east-1.amazonaws.com/products/IMG-20260418-WA0085.jpeg","Switchback LED Turn Signal - White/Amber","1800","new-arrival","Bulb Type: 7440/7443 | Colors: White DRL + Amber Turn | Power: 20W | Lumens: 2000LM"
"PROD-1779571878219-4","Fog Lights","High-quality automotive LED lighting solution. H11 Fog Light LED - Yellow designed for superior performance and durability.","","","https://lighthubcustoms.s3.us-east-1.amazonaws.com/products/IMG-20260418-WA0012.jpeg","H11 Fog Light LED - Yellow","3500","best-seller","""Bulb Type: H11 | Power: 30W | Lumens: 6000LM | Color: 3000K Yellow | Lifespan: 50,000 Hours"""
"PROD-1779572432974-17","Headlights","""Premium D3S HID Xenon Bulb - 6000K. High-quality automotive LED lighting solution designed for superior performance, durability, and easy installation. Perfect upgrade for your vehicle.""","","[{""S"":""https://lighthubcustoms.s3.us-east-1.amazonaws.com/products/IMG-20260418-WA0120.jpeg""},{""S"":""https://lighthubcustoms.s3.us-east-1.amazonaws.com/products/IMG-20260418-WA0125.jpeg""}]","https://lighthubcustoms.s3.us-east-1.amazonaws.com/products/IMG-20260418-WA0120.jpeg","D3S HID Xenon Bulb - 6000K","9000","carousel","""Power: 35W | Lumens: 3200LM | Lifespan: 3,000 Hours | Color: 6000K"""
"PROD-1779572601688-55","Headlight Projectors","""Premium Bi-LED Projector - 2.5 Inch. High-quality automotive LED lighting solution designed for superior performance, durability, and easy installation. Perfect upgrade for your vehicle.""","","[{""S"":""https://lighthubcustoms.s3.us-east-1.amazonaws.com/products/IMG-20260418-WA0387.jpeg""},{""S"":""https://lighthubcustoms.s3.us-east-1.amazonaws.com/products/IMG-20260418-WA0388.jpeg""},{""S"":""https://lighthubcustoms.s3.us-east-1.amazonaws.com/products/IMG-20260418-WA0389.jpeg""}]","https://lighthubcustoms.s3.us-east-1.amazonaws.com/products/IMG-20260418-WA0387.jpeg","Bi-LED Projector - 2.5 Inch","12000","best-seller","Power: 60W | Lumens: 12000LM | Beam: Bi-Function | Color: 2.5 Inch"
"PROD-1779572611700-57","Headlight Projectors","""Premium Bi-LED Projector - 3.5 Inch. High-quality automotive LED lighting solution designed for superior performance, durability, and easy installation. Perfect upgrade for your vehicle.""","","[{""S"":""https://lighthubcustoms.s3.us-east-1.amazonaws.com/products/IMG-20260418-WA0405.jpeg""},{""S"":""https://lighthubcustoms.s3.us-east-1.amazonaws.com/products/IMG-20260418-WA0406.jpeg""},{""S"":""https://lighthubcustoms.s3.us-east-1.amazonaws.com/products/IMG-20260418-WA0407.jpeg""}]","https://lighthubcustoms.s3.us-east-1.amazonaws.com/products/IMG-20260418-WA0405.jpeg","Bi-LED Projector - 3.5 Inch","18000","carousel","Power: 60W | Lumens: 12000LM | Beam: Bi-Function | Color: 3.5 Inch"
"FL-PROJ-2INCH-002","Fog Lights & Auxiliary Lighting","""An evolution of the standard 2-inch fog light, this model features a combo beam pattern. It provides a wide, flat flood for immediate foreground and road edges, combined with a subtle, longer-reaching 'cornering' beam to improve visibility into turns. Ideal for drivers on winding roads or those who want maximum situational awareness in poor weather. Includes a plug-and-play harness with a relay for direct battery connection.""","","","https://lighthubcustoms.s3.us-east-1.amazonaws.com/products/2+inch+fog+light+projector.jpg","2-Inch Fog Light Projector (Combo Beam)","1200000","carousel","""Size: 2 Inch | Beam Pattern: Wide Flood + Cornering Spot | LED: Dual-Filament Simulation (Separate chips for flood and spot) | Power: 24W (12W per chip) | Light Output: 1500 Lumens Flood + 800 Lumens Spot | Housing: Aluminum with Integrated Cooling Fins | Mounting: Adjustable Spherical Ball Mount | Included: Pair of Lights, Relay Harness, Switch, Dashboard Rocker, All Hardware"""
"PROD-1779572629459-61","Angel Eyes & Halo Rings","""Premium Angel Eye Halo Ring - 80mm. High-quality automotive LED lighting solution designed for superior performance, durability, and easy installation. Perfect upgrade for your vehicle.""","","[{""S"":""https://lighthubcustoms.s3.us-east-1.amazonaws.com/products/IMG-20260418-WA0433.jpeg""},{""S"":""https://lighthubcustoms.s3.us-east-1.amazonaws.com/products/IMG-20260418-WA0435.jpeg""},{""S"":""https://lighthubcustoms.s3.us-east-1.amazonaws.com/products/IMG-20260418-WA0437.jpeg""}]","https://lighthubcustoms.s3.us-east-1.amazonaws.com/products/IMG-20260418-WA0433.jpeg","Angel Eye Halo Ring - 80mm","1800","new-arrival","LEDs: SMD 2835 | Color: 6000K White | Power: 3W | Color: 80mm"
"PROD-1779572478209-28","Fog Lights","""Premium 9006 Fog Light LED - Yellow 3000K. High-quality automotive LED lighting solution designed for superior performance, durability, and easy installation. Perfect upgrade for your vehicle.""","","[{""S"":""https://lighthubcustoms.s3.us-east-1.amazonaws.com/products/IMG-20260418-WA0200.jpeg""},{""S"":""https://lighthubcustoms.s3.us-east-1.amazonaws.com/products/IMG-20260418-WA0201.jpeg""}]","https://lighthubcustoms.s3.us-east-1.amazonaws.com/products/IMG-20260418-WA0200.jpeg","9006 Fog Light LED - Yellow 3000K","3400","deal","""Power: 28W | Lumens: 5500LM | Lifespan: 50,000 Hours | Color: Yellow 3000K"""
"PROD-1779572398293-9","Headlights","""Premium HB3 LED Headlight Bulb - 6000K. High-quality automotive LED lighting solution designed for superior performance, durability, and easy installation. Perfect upgrade for your vehicle.""","","[{""S"":""https://lighthubcustoms.s3.us-east-1.amazonaws.com/products/IMG-20260418-WA0066.jpeg""},{""S"":""https://lighthubcustoms.s3.us-east-1.amazonaws.com/products/IMG-20260418-WA0067.jpeg""}]","https://lighthubcustoms.s3.us-east-1.amazonaws.com/products/IMG-20260418-WA0066.jpeg","HB3 LED Headlight Bulb - 6000K","4000","accessory","""Power: 40W | Lumens: 8000LM | Lifespan: 50,000 Hours | Color: 6000K"""
"PROD-1779572378276-4","Headlights","""Premium H7 LED Headlight Bulb - 6500K. High-quality automotive LED lighting solution designed for superior performance, durability, and easy installation. Perfect upgrade for your vehicle.""","","[{""S"":""https://lighthubcustoms.s3.us-east-1.amazonaws.com/products/IMG-20260418-WA0027.jpeg""},{""S"":""https://lighthubcustoms.s3.us-east-1.amazonaws.com/products/IMG-20260418-WA0030.jpeg""},{""S"":""https://lighthubcustoms.s3.us-east-1.amazonaws.com/products/IMG-20260418-WA0031.jpeg""}]","https://lighthubcustoms.s3.us-east-1.amazonaws.com/products/IMG-20260418-WA0027.jpeg","H7 LED Headlight Bulb - 6500K","4500","accessory","""Power: 45W | Lumens: 9000LM | Lifespan: 50,000 Hours | Color: 6500K"""
"PROD-1779571979553-20","Turn Signals","High-quality automotive LED lighting solution. Sequential Turn Signal Strip designed for superior performance and durability.","","","https://lighthubcustoms.s3.us-east-1.amazonaws.com/products/IMG-20260418-WA0054.jpeg","Sequential Turn Signal Strip","2200","deal","Length: 60cm | LEDs: Amber Sequential | Control: Plug & Play | Modes: Sequential Flow | Waterproof: IP67"
"PROD-1779572429714-16","Headlights","""Premium D3S HID Xenon Bulb - 5000K. High-quality automotive LED lighting solution designed for superior performance, durability, and easy installation. Perfect upgrade for your vehicle.""","","[{""S"":""https://lighthubcustoms.s3.us-east-1.amazonaws.com/products/IMG-20260418-WA0117.jpeg""},{""S"":""https://lighthubcustoms.s3.us-east-1.amazonaws.com/products/IMG-20260418-WA0118.jpeg""},{""S"":""https://lighthubcustoms.s3.us-east-1.amazonaws.com/products/IMG-20260418-WA0119.jpeg""}]","https://lighthubcustoms.s3.us-east-1.amazonaws.com/products/IMG-20260418-WA0117.jpeg","D3S HID Xenon Bulb - 5000K","8500","new-arrival","""Power: 35W | Lumens: 3200LM | Lifespan: 3,000 Hours | Color: 5000K"""
"DRL-STRIP-RGB-001","Daytime Running Lights (DRL)","""Slim-profile, high-intensity LED strip designed to function as a bright white Daytime Running Light (meeting ECE R87 intensity standards) and switch to an Amber sequential turn signal. In parking light mode, it can also display customizable RGB colors for a personalized look. Features a matte black housing with an optically clear lens for maximum light output and a seamless appearance when off. Ideal for custom bumper or grille installations.""","","","https://lighthubcustoms.s3.us-east-1.amazonaws.com/products/clolorful+daytime+running+light.jpg","Color-Changing DRL & Position Light Strip","950000","carousel","""Dimensions: 500mm Length, 10mm Width, 8mm Height | DRL LEDs: 6000K Cool White, CREE XP-G3 | Turn Signal LEDs: Amber, Sequential Sweep Pattern | RGB LEDs: For Parking/Show Mode Only | Power: 12W (DRL Mode) | IP Rating: IP69K (High Pressure & Steam Resistant) | Control: 5-Wire System (Battery+, ACC+, Ground, Turn Signal, RGB Control) | Housing: Extruded Aluminum with Polycarbonate Lens"""
"PROD-1779571919158-23","Accessories","High-quality automotive LED lighting solution. LED Bulb Installation Tool Kit designed for superior performance and durability.","","","https://lighthubcustoms.s3.us-east-1.amazonaws.com/products/IMG-20260418-WA0067.jpeg","LED Bulb Installation Tool Kit","1200","accessory","""Includes: Bulb Removal Tool, Wire Strippers, Crimpers, Electrical Tape, Cable Ties"""
"PROD-1779571989918-25","Accessories","High-quality automotive LED lighting solution. Canbus LED Decoder - Universal designed for superior performance and durability.","","","https://lighthubcustoms.s3.us-east-1.amazonaws.com/products/IMG-20260418-WA0069.jpeg","Canbus LED Decoder - Universal","1000","accessory","Type: Canbus Error Eliminator | Compatibility: Universal | Voltage: 12V | Quantity: 2 Pieces"
"PROD-1779572365062-2","Headlights","""Premium H11 LED Headlight Bulb - 8000K. High-quality automotive LED lighting solution designed for superior performance, durability, and easy installation. Perfect upgrade for your vehicle.""","","[{""S"":""https://lighthubcustoms.s3.us-east-1.amazonaws.com/products/IMG-20260418-WA0012.jpeg""},{""S"":""https://lighthubcustoms.s3.us-east-1.amazonaws.com/products/IMG-20260418-WA0015.jpeg""}]","https://lighthubcustoms.s3.us-east-1.amazonaws.com/products/IMG-20260418-WA0012.jpeg","H11 LED Headlight Bulb - 8000K","5200","carousel","""Power: 50W | Lumens: 10000LM | Lifespan: 50,000 Hours | Color: 8000K"""
"PROD-1779572565909-46","Interior Lighting","""Premium Festoon LED Dome Light - 31mm White. High-quality automotive LED lighting solution designed for superior performance, durability, and easy installation. Perfect upgrade for your vehicle.""","","[{""S"":""https://lighthubcustoms.s3.us-east-1.amazonaws.com/products/IMG-20260418-WA0329.jpeg""},{""S"":""https://lighthubcustoms.s3.us-east-1.amazonaws.com/products/IMG-20260418-WA0330.jpeg""}]","https://lighthubcustoms.s3.us-east-1.amazonaws.com/products/IMG-20260418-WA0329.jpeg","Festoon LED Dome Light - 31mm White","1000","new-arrival","""Power: 6W | Lumens: 800LM | Lifespan: 50,000 Hours | Color: 31mm White"""
"PROD-1779572372682-3","Headlights","""Premium H7 LED Headlight Bulb - 6000K. High-quality automotive LED lighting solution designed for superior performance, durability, and easy installation. Perfect upgrade for your vehicle.""","","[{""S"":""https://lighthubcustoms.s3.us-east-1.amazonaws.com/products/IMG-20260418-WA0017.jpeg""},{""S"":""https://lighthubcustoms.s3.us-east-1.amazonaws.com/products/IMG-20260418-WA0021.jpeg""},{""S"":""https://lighthubcustoms.s3.us-east-1.amazonaws.com/products/IMG-20260418-WA0024.jpeg""}]","https://lighthubcustoms.s3.us-east-1.amazonaws.com/products/IMG-20260418-WA0017.jpeg","H7 LED Headlight Bulb - 6000K","4200","deal","""Power: 45W | Lumens: 9000LM | Lifespan: 50,000 Hours | Color: 6000K"""
"PROD-1779572621022-59","Headlight Projectors","""Premium Laser Bi-LED Projector - Triple Laser. High-quality automotive LED lighting solution designed for superior performance, durability, and easy installation. Perfect upgrade for your vehicle.""","","[{""S"":""https://lighthubcustoms.s3.us-east-1.amazonaws.com/products/IMG-20260418-WA0417.jpeg""},{""S"":""https://lighthubcustoms.s3.us-east-1.amazonaws.com/products/IMG-20260418-WA0423.jpeg""},{""S"":""https://lighthubcustoms.s3.us-east-1.amazonaws.com/products/IMG-20260418-WA0424.jpeg""}]","https://lighthubcustoms.s3.us-east-1.amazonaws.com/products/IMG-20260418-WA0417.jpeg","Laser Bi-LED Projector - Triple Laser","45000","accessory","""Power: 65W | Peak Intensity: >350,000 Candela | Warranty: 5 Years | Color: Triple Laser"""
"PROD-1779571894628-12","Interior Lighting","High-quality automotive LED lighting solution. RGB LED Strip - 5M Interior Kit designed for superior performance and durability.","","","https://lighthubcustoms.s3.us-east-1.amazonaws.com/products/IMG-20260418-WA0032.jpeg","RGB LED Strip - 5M Interior Kit","2500","deal","Length: 5 Meters | LEDs: 300 SMD 5050 | Control: Remote + App | Colors: 16 Million | Waterproof: IP65"
"PROD-1779571861411-0","Headlights","High-quality automotive LED lighting solution. H11 LED Headlight Bulb - 6000K designed for superior performance and durability.","","","https://lighthubcustoms.s3.us-east-1.amazonaws.com/products/IMG-20260418-WA0002.jpg","H11 LED Headlight Bulb - 6000K","4500","best-seller","""Bulb Type: H11 | Power: 50W | Lumens: 10000LM | Color: 6000K Cool White | Lifespan: 50,000 Hours"""
"PROD-1779572481631-29","Fog Lights","""Premium 9006 Fog Light LED - White 6000K. High-quality automotive LED lighting solution designed for superior performance, durability, and easy installation. Perfect upgrade for your vehicle.""","","[{""S"":""https://lighthubcustoms.s3.us-east-1.amazonaws.com/products/IMG-20260418-WA0210.jpeg""},{""S"":""https://lighthubcustoms.s3.us-east-1.amazonaws.com/products/IMG-20260418-WA0213.jpeg""}]","https://lighthubcustoms.s3.us-east-1.amazonaws.com/products/IMG-20260418-WA0210.jpeg","9006 Fog Light LED - White 6000K","3700","accessory","""Power: 28W | Lumens: 5500LM | Lifespan: 50,000 Hours | Color: White 6000K"""
"PROD-1779572360041-1","Headlights","""Premium H11 LED Headlight Bulb - 6500K. High-quality automotive LED lighting solution designed for superior performance, durability, and easy installation. Perfect upgrade for your vehicle.""","","[{""S"":""https://lighthubcustoms.s3.us-east-1.amazonaws.com/products/IMG-20260418-WA0006.jpeg""},{""S"":""https://lighthubcustoms.s3.us-east-1.amazonaws.com/products/IMG-20260418-WA0009.jpeg""}]","https://lighthubcustoms.s3.us-east-1.amazonaws.com/products/IMG-20260418-WA0006.jpeg","H11 LED Headlight Bulb - 6500K","4800","new-arrival","""Power: 50W | Lumens: 10000LM | Lifespan: 50,000 Hours | Color: 6500K"""
"PROD-1779571970707-16","Accessories","High-quality automotive LED lighting solution. H11 to H9 Adapter Harness designed for superior performance and durability.","","","https://lighthubcustoms.s3.us-east-1.amazonaws.com/products/IMG-20260418-WA0036.jpeg","H11 to H9 Adapter Harness","500","accessory","Connector: H11 Female to H9 Male | Wire Gauge: 18AWG | Length: 15cm | Heat Resistant"
"FL-TRI-COLOR-001","Fog Lights & Auxiliary Lighting","""Versatile fog light that serves three functions: White DRL, Selective Yellow Fog Light, and Amber Turn Signal with sequential sweep.""","20% OFF","","https://lighthubcustoms.s3.us-east-1.amazonaws.com/products/Fog+light+TRI+color.jpg","Tricolor Switchback LED Fog Light Pod","1500000","deal","""Housing: Die-Cast Aluminum | Lens: Smoked Polycarbonate | Functions: DRL (White), Fog (Yellow), Turn Signal (Amber Sequential) | Power: 18W total | Beam Pattern: Wide Flood | IP Rating: IP68"""
"PROD-1779572634492-62","Angel Eyes & Halo Rings","""Premium Angel Eye Halo Ring - 100mm. High-quality automotive LED lighting solution designed for superior performance, durability, and easy installation. Perfect upgrade for your vehicle.""","","[{""S"":""https://lighthubcustoms.s3.us-east-1.amazonaws.com/products/IMG-20260418-WA0446.jpeg""},{""S"":""https://lighthubcustoms.s3.us-east-1.amazonaws.com/products/IMG-20260418-WA0447.jpeg""},{""S"":""https://lighthubcustoms.s3.us-east-1.amazonaws.com/products/IMG-20260418-WA0454.jpeg""}]","https://lighthubcustoms.s3.us-east-1.amazonaws.com/products/IMG-20260418-WA0446.jpeg","Angel Eye Halo Ring - 100mm","2000","carousel","LEDs: SMD 2835 | Color: 6000K White | Power: 3W | Color: 100mm"
"PROD-1779572415374-13","Headlights","""Premium H9 LED Headlight Bulb - 6000K. High-quality automotive LED lighting solution designed for superior performance, durability, and easy installation. Perfect upgrade for your vehicle.""","","[{""S"":""https://lighthubcustoms.s3.us-east-1.amazonaws.com/products/IMG-20260418-WA0087.jpeg""},{""S"":""https://lighthubcustoms.s3.us-east-1.amazonaws.com/products/IMG-20260418-WA0088.jpeg""},{""S"":""https://lighthubcustoms.s3.us-east-1.amazonaws.com/products/IMG-20260418-WA0089.jpeg""}]","https://lighthubcustoms.s3.us-east-1.amazonaws.com/products/IMG-20260418-WA0087.jpeg","H9 LED Headlight Bulb - 6000K","4600","deal","""Power: 50W | Lumens: 10000LM | Lifespan: 50,000 Hours | Color: 6000K"""
"PROD-1779572638022-63","Angel Eyes & Halo Rings","""Premium Angel Eye Halo Ring - 120mm. High-quality automotive LED lighting solution designed for superior performance, durability, and easy installation. Perfect upgrade for your vehicle.""","","[{""S"":""https://lighthubcustoms.s3.us-east-1.amazonaws.com/products/IMG-20260418-WA0457.jpeg""},{""S"":""https://lighthubcustoms.s3.us-east-1.amazonaws.com/products/IMG-20260418-WA0458.jpeg""}]","https://lighthubcustoms.s3.us-east-1.amazonaws.com/products/IMG-20260418-WA0457.jpeg","Angel Eye Halo Ring - 120mm","2200","deal","LEDs: SMD 2835 | Color: 6000K White | Power: 3W | Color: 120mm"
"PROD-1779571921088-24","Headlights","High-quality automotive LED lighting solution. H4 LED Headlight Bulb - Hi/Lo designed for superior performance and durability.","","","https://lighthubcustoms.s3.us-east-1.amazonaws.com/products/IMG-20260418-WA0068.jpeg","H4 LED Headlight Bulb - Hi/Lo","5500","best-seller","Bulb Type: H4 | Power: 60W | Lumens: 12000LM | Color: 6000K | Beam: Hi/Lo Dual Function"
"HL-PROJ-INLASER-001","Headlight Projectors","A sophisticated single-lens solution where the laser diode is fully integrated into the optical path behind the reflector for seamless beam pattern.","20% OFF","","https://lighthubcustoms.s3.us-east-1.amazonaws.com/products/Inbuilt+laser+3.0.jpg","3.0-Inch Bi-LED Projector with Integrated Laser Booster","3800000","deal","Projector Size: 3.0 Inch | Technology: Bi-LED + Single Integrated Laser Diode | Power Consumption: 45W (LED) + 1.5W (Laser) | Light Output: 3500 Lumens (Low) / 7000+ Lumens (High) | Beam Distance: 150-180m (Low) / 350-450m (High)"
"PROD-1779571987909-24","Headlights","High-quality automotive LED lighting solution. H4 LED Headlight Bulb - Hi/Lo designed for superior performance and durability.","","","https://lighthubcustoms.s3.us-east-1.amazonaws.com/products/IMG-20260418-WA0068.jpeg","H4 LED Headlight Bulb - Hi/Lo","5500","best-seller","Bulb Type: H4 | Power: 60W | Lumens: 12000LM | Color: 6000K | Beam: Hi/Lo Dual Function"
"ACC-BATT-MON-001","Vehicle Electronics","""Always-on monitor that connects to battery terminals and transmits real-time voltage, state of charge, and battery health data to smartphone.""","","","https://lighthubcustoms.s3.us-east-1.amazonaws.com/products/sanvi.jpg","Digital Bluetooth Battery Monitor & Voltage Gauge","450000","new-arrival","Measurement Range: 6V to 32V DC | Accuracy: ±0.05V | Connectivity: Bluetooth 4.0 | Power Consumption: <1mA | Alerts: Customizable Low/High Voltage"
"PROD-1779571884701-7","Taillights","High-quality automotive LED lighting solution. 7443 LED Tail Light Bulb - Red designed for superior performance and durability.","","","https://lighthubcustoms.s3.us-east-1.amazonaws.com/products/IMG-20260418-WA0021.jpeg","7443 LED Tail Light Bulb - Red","1500","best-seller","""Bulb Type: 7443 | Power: 15W | Lumens: 1800LM | Color: Red | Lifespan: 50,000 Hours"""
"PROD-1779571900753-15","Exterior Accessories","High-quality automotive LED lighting solution. Underglow LED Kit - RGB designed for superior performance and durability.","","","https://lighthubcustoms.s3.us-east-1.amazonaws.com/products/IMG-20260418-WA0035.jpeg","Underglow LED Kit - RGB","6500","deal","Tubes: 4 x 90cm | LEDs: RGB Multicolor | Control: Remote + App | Modes: Music Sync | Waterproof: IP67"
"PROD-1779571917304-22","Interior Lighting","High-quality automotive LED lighting solution. Footwell Lighting Kit - RGB designed for superior performance and durability.","","","https://lighthubcustoms.s3.us-east-1.amazonaws.com/products/IMG-20260418-WA0066.jpeg","Footwell Lighting Kit - RGB","1800","best-seller","Strips: 4 x 30cm | LEDs: RGB Multicolor | Control: Remote | Modes: 8 Colors + Music Sync"
"PROD-1779572419797-14","Headlights","""Premium H9 LED Headlight Bulb - 6500K. High-quality automotive LED lighting solution designed for superior performance, durability, and easy installation. Perfect upgrade for your vehicle.""","","[{""S"":""https://lighthubcustoms.s3.us-east-1.amazonaws.com/products/IMG-20260418-WA0090.jpeg""},{""S"":""https://lighthubcustoms.s3.us-east-1.amazonaws.com/products/IMG-20260418-WA0091.jpeg""},{""S"":""https://lighthubcustoms.s3.us-east-1.amazonaws.com/products/IMG-20260418-WA0106.jpeg""}]","https://lighthubcustoms.s3.us-east-1.amazonaws.com/products/IMG-20260418-WA0090.jpeg","H9 LED Headlight Bulb - 6500K","4900","accessory","""Power: 50W | Lumens: 10000LM | Lifespan: 50,000 Hours | Color: 6500K"""
"PROD-1779572497568-32","Taillights","""Premium 7443 LED Tail Light - Red Sequential. High-quality automotive LED lighting solution designed for superior performance, durability, and easy installation. Perfect upgrade for your vehicle.""","","[{""S"":""https://lighthubcustoms.s3.us-east-1.amazonaws.com/products/IMG-20260418-WA0220.jpeg""},{""S"":""https://lighthubcustoms.s3.us-east-1.amazonaws.com/products/IMG-20260418-WA0221.jpeg""},{""S"":""https://lighthubcustoms.s3.us-east-1.amazonaws.com/products/IMG-20260418-WA0222.jpeg""}]","https://lighthubcustoms.s3.us-east-1.amazonaws.com/products/IMG-20260418-WA0220.jpeg","7443 LED Tail Light - Red Sequential","2000","carousel","""Power: 15W | Lumens: 1800LM | Lifespan: 50,000 Hours | Color: Red Sequential"""
"PROD-1779571968597-15","Exterior Accessories","High-quality automotive LED lighting solution. Underglow LED Kit - RGB designed for superior performance and durability.","","","https://lighthubcustoms.s3.us-east-1.amazonaws.com/products/IMG-20260418-WA0035.jpeg","Underglow LED Kit - RGB","6500","deal","Tubes: 4 x 90cm | LEDs: RGB Multicolor | Control: Remote + App | Modes: Music Sync | Waterproof: IP67"
"PROD-1779571961295-11","Exterior Accessories","High-quality automotive LED lighting solution. 168 LED License Plate Light designed for superior performance and durability.","","","https://lighthubcustoms.s3.us-east-1.amazonaws.com/products/IMG-20260418-WA0031.jpeg","168 LED License Plate Light","700","accessory","""Bulb Type: 168 | Power: 3W | Lumens: 400LM | Color: 6000K White | Lifespan: 50,000 Hours"""
"ACC-DEVIL-EYE-001","Angel Eyes & Halo Rings","""Creates iconic 'demon eye' effect by placing RGB LED module inside projector, causing entire lens to glow in selected color.""","","","https://lighthubcustoms.s3.us-east-1.amazonaws.com/products/Devil%27s+eyes.jpg","""""""Devil Eyes"""" Demon Eye Kit for Projectors""","650000","accessory","""LED Module: 10W RGB LED | Control: Wireless RF Remote | Modes: Static Color, Color Cycle, Breathe, Strobe | Fits: 2.5"""" and 3.0"""" projectors | Safety: Auto shutoff with low beams"""
"PROD-1779572592415-53","Interior Lighting","""Premium Footwell LED Kit - White. High-quality automotive LED lighting solution designed for superior performance, durability, and easy installation. Perfect upgrade for your vehicle.""","","[{""S"":""https://lighthubcustoms.s3.us-east-1.amazonaws.com/products/IMG-20260418-WA0377.jpeg""},{""S"":""https://lighthubcustoms.s3.us-east-1.amazonaws.com/products/IMG-20260418-WA0378.jpeg""}]","https://lighthubcustoms.s3.us-east-1.amazonaws.com/products/IMG-20260418-WA0377.jpeg","Footwell LED Kit - White","1500","deal","Strips: 4 x 30cm | Control: Remote | Modes: 8 Colors | Color: White"
"PROD-1779572468879-26","Fog Lights","""Premium H16 Fog Light LED - Yellow 3000K. High-quality automotive LED lighting solution designed for superior performance, durability, and easy installation. Perfect upgrade for your vehicle.""","","[{""S"":""https://lighthubcustoms.s3.us-east-1.amazonaws.com/products/IMG-20260418-WA0180.jpeg""},{""S"":""https://lighthubcustoms.s3.us-east-1.amazonaws.com/products/IMG-20260418-WA0181.jpeg""},{""S"":""https://lighthubcustoms.s3.us-east-1.amazonaws.com/products/IMG-20260418-WA0182.jpeg""}]","https://lighthubcustoms.s3.us-east-1.amazonaws.com/products/IMG-20260418-WA0180.jpeg","H16 Fog Light LED - Yellow 3000K","3800","new-arrival","""Power: 35W | Lumens: 7000LM | Lifespan: 50,000 Hours | Color: Yellow 3000K"""
"PROD-1779571945747-3","Headlights","High-quality automotive LED lighting solution. D3S HID Xenon Bulb - 5000K designed for superior performance and durability.","","","https://lighthubcustoms.s3.us-east-1.amazonaws.com/products/IMG-20260418-WA0009.jpeg","D3S HID Xenon Bulb - 5000K","8500","deal","""Bulb Type: D3S | Power: 35W | Lumens: 3200LM | Color: 5000K Pure White | Lifespan: 3,000 Hours"""
"PROD-1779572624760-60","Angel Eyes & Halo Rings","""Premium Angel Eye Halo Ring - 60mm. High-quality automotive LED lighting solution designed for superior performance, durability, and easy installation. Perfect upgrade for your vehicle.""","","[{""S"":""https://lighthubcustoms.s3.us-east-1.amazonaws.com/products/IMG-20260418-WA0425.jpeg""},{""S"":""https://lighthubcustoms.s3.us-east-1.amazonaws.com/products/IMG-20260418-WA0432.jpeg""}]","https://lighthubcustoms.s3.us-east-1.amazonaws.com/products/IMG-20260418-WA0425.jpeg","Angel Eye Halo Ring - 60mm","1500","best-seller","LEDs: SMD 2835 | Color: 6000K White | Power: 3W | Color: 60mm"
"PROD-1779571903302-16","Accessories","High-quality automotive LED lighting solution. H11 to H9 Adapter Harness designed for superior performance and durability.","","","https://lighthubcustoms.s3.us-east-1.amazonaws.com/products/IMG-20260418-WA0036.jpeg","H11 to H9 Adapter Harness","500","accessory","Connector: H11 Female to H9 Male | Wire Gauge: 18AWG | Length: 15cm | Heat Resistant"
"PROD-1779572647487-65","Angel Eyes & Halo Rings","""Premium RGB Angel Eye Ring - 100mm. High-quality automotive LED lighting solution designed for superior performance, durability, and easy installation. Perfect upgrade for your vehicle.""","","[{""S"":""https://lighthubcustoms.s3.us-east-1.amazonaws.com/products/IMG-20260418-WA0468.jpeg""},{""S"":""https://lighthubcustoms.s3.us-east-1.amazonaws.com/products/IMG-20260418-WA0477.jpeg""},{""S"":""https://lighthubcustoms.s3.us-east-1.amazonaws.com/products/IMG-20260418-WA0478.jpeg""}]","https://lighthubcustoms.s3.us-east-1.amazonaws.com/products/IMG-20260418-WA0468.jpeg","RGB Angel Eye Ring - 100mm","2800","best-seller","LEDs: RGB SMD | Control: Remote | Modes: 16 Colors | Color: 100mm"
"PROD-1779572387058-6","Headlights","""Premium H4 LED Headlight Bulb - Hi/Lo 6000K. High-quality automotive LED lighting solution designed for superior performance, durability, and easy installation. Perfect upgrade for your vehicle.""","","[{""S"":""https://lighthubcustoms.s3.us-east-1.amazonaws.com/products/IMG-20260418-WA0035.jpeg""},{""S"":""https://lighthubcustoms.s3.us-east-1.amazonaws.com/products/IMG-20260418-WA0036.jpeg""}]","https://lighthubcustoms.s3.us-east-1.amazonaws.com/products/IMG-20260418-WA0035.jpeg","H4 LED Headlight Bulb - Hi/Lo 6000K","5500","new-arrival","Power: 60W | Lumens: 12000LM | Beam: Hi/Lo Dual | Color: Hi/Lo 6000K"
"PROD-1779572442728-20","Headlights","""Premium D2S HID Xenon Bulb - 6000K. High-quality automotive LED lighting solution designed for superior performance, durability, and easy installation. Perfect upgrade for your vehicle.""","","[{""S"":""https://lighthubcustoms.s3.us-east-1.amazonaws.com/products/IMG-20260418-WA0134.jpeg""},{""S"":""https://lighthubcustoms.s3.us-east-1.amazonaws.com/products/IMG-20260418-WA0135.jpeg""}]","https://lighthubcustoms.s3.us-east-1.amazonaws.com/products/IMG-20260418-WA0134.jpeg","D2S HID Xenon Bulb - 6000K","9000","best-seller","""Power: 35W | Lumens: 3200LM | Lifespan: 3,000 Hours | Color: 6000K"""
"HL-PROJ-BILED-2.5-001","Headlight Projectors","A compact high-performance Bi-LED projector engineered for vehicles with limited headlamp cavity space. Utilizes a dual-filament simulation system with a precision electromagnetic shutter to switch between low and high beam patterns instantly. The optical system features a high-definition convex lens and a polished aluminum reflector bowl for maximum light output efficiency and a razor-sharp cutoff line to prevent glare for oncoming traffic.","","","https://lighthubcustoms.s3.us-east-1.amazonaws.com/products/2.5+headlight+bi+led+projector.jpg","2.5-Inch Bi-LED Headlight Projector","2200000","best-seller","""Projector Diameter: 2.5 Inches (63mm) | LED Power: 35W Low Beam / 45W High Beam | Total Luminous Flux: 3200 Lumens (Low) / 4800 Lumens (High) | Cutoff Line: Color-Modulated (Blue Band) | Beam Distance: 120-150m (Low) / 250-300m (High) | Operating Voltage: 12V/24V DC | Housing: CNC Machined Aluminum with Black E-Coat Finish | Connector Type: H4/9003, H7, or Universal Pigtails | Recommended Retrofitting Skill Level: Intermediate"""
"PROD-1779571882134-6","Fog Lights","High-quality automotive LED lighting solution. H16 Fog Light LED Bulb designed for superior performance and durability.","","","https://lighthubcustoms.s3.us-east-1.amazonaws.com/products/IMG-20260418-WA0017.jpeg","H16 Fog Light LED Bulb","3800","accessory","""Bulb Type: H16 | Power: 35W | Lumens: 7000LM | Color: 6000K | Lifespan: 50,000 Hours"""
"PROD-1779572511043-36","Taillights","""Premium 3157 LED Tail Light - Red Strobe. High-quality automotive LED lighting solution designed for superior performance, durability, and easy installation. Perfect upgrade for your vehicle.""","","[{""S"":""https://lighthubcustoms.s3.us-east-1.amazonaws.com/products/IMG-20260418-WA0252.jpeg""},{""S"":""https://lighthubcustoms.s3.us-east-1.amazonaws.com/products/IMG-20260418-WA0253.jpeg""}]","https://lighthubcustoms.s3.us-east-1.amazonaws.com/products/IMG-20260418-WA0252.jpeg","3157 LED Tail Light - Red Strobe","1700","new-arrival","""Power: 14W | Lumens: 1700LM | Lifespan: 50,000 Hours | Color: Red Strobe"""
"PROD-1779572573789-48","Interior Lighting","""Premium Festoon LED Dome Light - 41mm White. High-quality automotive LED lighting solution designed for superior performance, durability, and easy installation. Perfect upgrade for your vehicle.""","","[{""S"":""https://lighthubcustoms.s3.us-east-1.amazonaws.com/products/IMG-20260418-WA0343.jpeg""},{""S"":""https://lighthubcustoms.s3.us-east-1.amazonaws.com/products/IMG-20260418-WA0344.jpeg""}]","https://lighthubcustoms.s3.us-east-1.amazonaws.com/products/IMG-20260418-WA0343.jpeg","Festoon LED Dome Light - 41mm White","1200","deal","""Power: 6W | Lumens: 800LM | Lifespan: 50,000 Hours | Color: 41mm White"""
"PROD-1779571891416-10","Interior Lighting","High-quality automotive LED lighting solution. T10 LED Parking Light - White designed for superior performance and durability.","","","https://lighthubcustoms.s3.us-east-1.amazonaws.com/products/IMG-20260418-WA0030.jpeg","T10 LED Parking Light - White","800","accessory","""Bulb Type: T10 | Power: 5W | Lumens: 600LM | Color: 6000K White | Lifespan: 50,000 Hours"""
"PROD-1779571912993-20","Turn Signals","High-quality automotive LED lighting solution. Sequential Turn Signal Strip designed for superior performance and durability.","","","https://lighthubcustoms.s3.us-east-1.amazonaws.com/products/IMG-20260418-WA0054.jpeg","Sequential Turn Signal Strip","2200","deal","Length: 60cm | LEDs: Amber Sequential | Control: Plug & Play | Modes: Sequential Flow | Waterproof: IP67"
"PROD-1779572596129-54","Interior Lighting","""Premium Footwell LED Kit - Blue. High-quality automotive LED lighting solution designed for superior performance, durability, and easy installation. Perfect upgrade for your vehicle.""","","[{""S"":""https://lighthubcustoms.s3.us-east-1.amazonaws.com/products/IMG-20260418-WA0379.jpeg""},{""S"":""https://lighthubcustoms.s3.us-east-1.amazonaws.com/products/IMG-20260418-WA0380.jpeg""}]","https://lighthubcustoms.s3.us-east-1.amazonaws.com/products/IMG-20260418-WA0379.jpeg","Footwell LED Kit - Blue","1500","accessory","Strips: 4 x 30cm | Control: Remote | Modes: 8 Colors | Color: Blue"
"PROD-1779572439689-19","Headlights","""Premium D2S HID Xenon Bulb - 5000K. High-quality automotive LED lighting solution designed for superior performance, durability, and easy installation. Perfect upgrade for your vehicle.""","","[{""S"":""https://lighthubcustoms.s3.us-east-1.amazonaws.com/products/IMG-20260418-WA0132.jpeg""},{""S"":""https://lighthubcustoms.s3.us-east-1.amazonaws.com/products/IMG-20260418-WA0133.jpeg""}]","https://lighthubcustoms.s3.us-east-1.amazonaws.com/products/IMG-20260418-WA0132.jpeg","D2S HID Xenon Bulb - 5000K","8500","accessory","""Power: 35W | Lumens: 3200LM | Lifespan: 3,000 Hours | Color: 5000K"""
"PROD-1779572456401-23","Fog Lights","""Premium H11 Fog Light LED - Blue 8000K. High-quality automotive LED lighting solution designed for superior performance, durability, and easy installation. Perfect upgrade for your vehicle.""","","[{""S"":""https://lighthubcustoms.s3.us-east-1.amazonaws.com/products/IMG-20260418-WA0163.jpeg""},{""S"":""https://lighthubcustoms.s3.us-east-1.amazonaws.com/products/IMG-20260418-WA0164.jpeg""}]","https://lighthubcustoms.s3.us-east-1.amazonaws.com/products/IMG-20260418-WA0163.jpeg","H11 Fog Light LED - Blue 8000K","4000","deal","""Power: 30W | Lumens: 6000LM | Lifespan: 50,000 Hours | Color: Blue 8000K"""
"PROD-1779571951405-6","Fog Lights","High-quality automotive LED lighting solution. H16 Fog Light LED Bulb designed for superior performance and durability.","","","https://lighthubcustoms.s3.us-east-1.amazonaws.com/products/IMG-20260418-WA0017.jpeg","H16 Fog Light LED Bulb","3800","accessory","""Bulb Type: H16 | Power: 35W | Lumens: 7000LM | Color: 6000K | Lifespan: 50,000 Hours"""
"PROD-1779572589274-52","Interior Lighting","""Premium Footwell LED Kit - RGB. High-quality automotive LED lighting solution designed for superior performance, durability, and easy installation. Perfect upgrade for your vehicle.""","","[{""S"":""https://lighthubcustoms.s3.us-east-1.amazonaws.com/products/IMG-20260418-WA0369.jpeg""},{""S"":""https://lighthubcustoms.s3.us-east-1.amazonaws.com/products/IMG-20260418-WA0375.jpeg""},{""S"":""https://lighthubcustoms.s3.us-east-1.amazonaws.com/products/IMG-20260418-WA0376.jpeg""}]","https://lighthubcustoms.s3.us-east-1.amazonaws.com/products/IMG-20260418-WA0369.jpeg","Footwell LED Kit - RGB","1800","carousel","Strips: 4 x 30cm | Control: Remote | Modes: 8 Colors | Color: RGB"
"PROD-1779571905449-17","Accessories","High-quality automotive LED lighting solution. LED Decoder/Resistor Kit designed for superior performance and durability.","","","https://lighthubcustoms.s3.us-east-1.amazonaws.com/products/IMG-20260418-WA0051.jpeg","LED Decoder/Resistor Kit","800","accessory","Type: 50W 6Ω Load Resistor | Quantity: 2 Pieces | Purpose: Error Code Elimination | Heat Resistant"
"PROD-1779572521265-38","Turn Signals","""Premium 7440 LED Turn Signal - Amber Sequential. High-quality automotive LED lighting solution designed for superior performance, durability, and easy installation. Perfect upgrade for your vehicle.""","","[{""S"":""https://lighthubcustoms.s3.us-east-1.amazonaws.com/products/IMG-20260418-WA0261.jpeg""},{""S"":""https://lighthubcustoms.s3.us-east-1.amazonaws.com/products/IMG-20260418-WA0265.jpeg""},{""S"":""https://lighthubcustoms.s3.us-east-1.amazonaws.com/products/IMG-20260418-WA0266.jpeg""}]","https://lighthubcustoms.s3.us-east-1.amazonaws.com/products/IMG-20260418-WA0261.jpeg","7440 LED Turn Signal - Amber Sequential","1700","deal","""Power: 10W | Lumens: 1200LM | Lifespan: 50,000 Hours | Color: Amber Sequential"""
"PROD-1779572492743-31","Taillights","""Premium 7443 LED Tail Light - Red Strobe. High-quality automotive LED lighting solution designed for superior performance, durability, and easy installation. Perfect upgrade for your vehicle.""","","[{""S"":""https://lighthubcustoms.s3.us-east-1.amazonaws.com/products/IMG-20260418-WA0217.jpeg""},{""S"":""https://lighthubcustoms.s3.us-east-1.amazonaws.com/products/IMG-20260418-WA0218.jpeg""},{""S"":""https://lighthubcustoms.s3.us-east-1.amazonaws.com/products/IMG-20260418-WA0219.jpeg""}]","https://lighthubcustoms.s3.us-east-1.amazonaws.com/products/IMG-20260418-WA0217.jpeg","7443 LED Tail Light - Red Strobe","1800","new-arrival","""Power: 15W | Lumens: 1800LM | Lifespan: 50,000 Hours | Color: Red Strobe"""
"PROD-1779571949250-5","Fog Lights","High-quality automotive LED lighting solution. H8 Fog Light LED - White designed for superior performance and durability.","","","https://lighthubcustoms.s3.us-east-1.amazonaws.com/products/IMG-20260418-WA0015.jpeg","H8 Fog Light LED - White","3200","new-arrival","""Bulb Type: H8 | Power: 25W | Lumens: 5000LM | Color: 6000K White | Lifespan: 50,000 Hours"""
"HL-PROJ-DLASER-002","Headlight Projectors","""Features a completely clear, non-fresnel lens for aggressive modern look with improved light transmission and crisper cutoff line.""","20% OFF","","https://lighthubcustoms.s3.us-east-1.amazonaws.com/products/Dual+laser+bi-led+projector+2+2.jpg","Dual Laser Bi-LED Projector (Clear Lens Version)","4200000","deal","""Lens Type: High-Clarity Optical Glass (Clear, Non-Fresnel) | Visual Effect: Projector appears as a clear 'orb' when off. Performance identical to HL-PROJ-DLASER-001"""
"PROD-1779572383419-5","Headlights","""Premium H7 LED Headlight Bulb - 8000K. High-quality automotive LED lighting solution designed for superior performance, durability, and easy installation. Perfect upgrade for your vehicle.""","","[{""S"":""https://lighthubcustoms.s3.us-east-1.amazonaws.com/products/IMG-20260418-WA0032.jpeg""},{""S"":""https://lighthubcustoms.s3.us-east-1.amazonaws.com/products/IMG-20260418-WA0033.jpeg""},{""S"":""https://lighthubcustoms.s3.us-east-1.amazonaws.com/products/IMG-20260418-WA0034.jpeg""}]","https://lighthubcustoms.s3.us-east-1.amazonaws.com/products/IMG-20260418-WA0032.jpeg","H7 LED Headlight Bulb - 8000K","4900","best-seller","""Power: 45W | Lumens: 9000LM | Lifespan: 50,000 Hours | Color: 8000K"""
"INST-BUTYL-1M-001","Installation & Maintenance","""Essential adhesive sealant tape for resealing headlight housings. Non-hardening butyl rubber creates permanent waterproof, airtight seal.""","","","https://lighthubcustoms.s3.us-east-1.amazonaws.com/products/butyle+sealant.jpg","Professional Butyl Rubber Headlight Sealant Tape","180000","accessory","Material: Synthetic Butyl Rubber | Dimensions: 1mm x 10mm x 10m | Temperature Range: -40°C to +120°C | Color: Black | Coverage: Seals 2-4 pairs of headlights"
"PROD-1779571935557-0","Headlights","High-quality automotive LED lighting solution. H11 LED Headlight Bulb - 6000K designed for superior performance and durability.","","","https://lighthubcustoms.s3.us-east-1.amazonaws.com/products/IMG-20260418-WA0002.jpg","H11 LED Headlight Bulb - 6000K","4500","best-seller","""Bulb Type: H11 | Power: 50W | Lumens: 10000LM | Color: 6000K Cool White | Lifespan: 50,000 Hours"""
"PROD-1779571991905-26","Accessories","High-quality automotive LED lighting solution. LED Strip Connector Kit designed for superior performance and durability.","","","https://lighthubcustoms.s3.us-east-1.amazonaws.com/products/IMG-20260418-WA0070.jpeg","LED Strip Connector Kit","600","accessory","""Type: 4-Pin RGB Connectors | Quantity: 10 Pieces | Includes: L-Connectors, T-Connectors, Straight"""
"PROD-1779571889122-9","Turn Signals","High-quality automotive LED lighting solution. 7440A Amber Turn Signal LED designed for superior performance and durability.","","","https://lighthubcustoms.s3.us-east-1.amazonaws.com/products/IMG-20260418-WA0027.jpeg","7440A Amber Turn Signal LED","1400","best-seller","""Bulb Type: 7440A | Power: 10W | Lumens: 1200LM | Color: Amber | Lifespan: 50,000 Hours"""
"PROD-1779571994117-27","Accessories","High-quality automotive LED lighting solution. Fog Light Mounting Bracket designed for superior performance and durability.","","","https://lighthubcustoms.s3.us-east-1.amazonaws.com/products/IMG-20260418-WA0071.jpeg","Fog Light Mounting Bracket","800","accessory","Material: Aluminum Alloy | Size: Adjustable 2-3 Inch | Finish: Black Anodized | Quantity: 2 Pieces"
"PROD-1779572406265-11","Headlights","""Premium HB4 LED Headlight Bulb - 6000K. High-quality automotive LED lighting solution designed for superior performance, durability, and easy installation. Perfect upgrade for your vehicle.""","","[{""S"":""https://lighthubcustoms.s3.us-east-1.amazonaws.com/products/IMG-20260418-WA0070.jpeg""},{""S"":""https://lighthubcustoms.s3.us-east-1.amazonaws.com/products/IMG-20260418-WA0071.jpeg""},{""S"":""https://lighthubcustoms.s3.us-east-1.amazonaws.com/products/IMG-20260418-WA0084.jpeg""}]","https://lighthubcustoms.s3.us-east-1.amazonaws.com/products/IMG-20260418-WA0070.jpeg","HB4 LED Headlight Bulb - 6000K","4000","new-arrival","""Power: 40W | Lumens: 8000LM | Lifespan: 50,000 Hours | Color: 6000K"""
"PROD-1779572581127-50","Interior Lighting","""Premium RGB LED Strip Kit - 5M. High-quality automotive LED lighting solution designed for superior performance, durability, and easy installation. Perfect upgrade for your vehicle.""","","[{""S"":""https://lighthubcustoms.s3.us-east-1.amazonaws.com/products/IMG-20260418-WA0347.jpeg""},{""S"":""https://lighthubcustoms.s3.us-east-1.amazonaws.com/products/IMG-20260418-WA0348.jpeg""},{""S"":""https://lighthubcustoms.s3.us-east-1.amazonaws.com/products/IMG-20260418-WA0363.jpeg""}]","https://lighthubcustoms.s3.us-east-1.amazonaws.com/products/IMG-20260418-WA0347.jpeg","RGB LED Strip Kit - 5M","2500","best-seller","LEDs: 300 SMD 5050 | Control: Remote + App | Waterproof: IP65 | Color: 5M"
"PROD-1779571874492-2","Headlights","High-quality automotive LED lighting solution. HB3 High Beam LED Bulb designed for superior performance and durability.","","","https://lighthubcustoms.s3.us-east-1.amazonaws.com/products/IMG-20260418-WA0006.jpeg","HB3 High Beam LED Bulb","4000","carousel","""Bulb Type: HB3 | Power: 40W | Lumens: 8000LM | Color: 6000K | Lifespan: 50,000 Hours"""
"PROD-1779572553420-43","Interior Lighting","""Premium T10 LED Interior Light - Blue. High-quality automotive LED lighting solution designed for superior performance, durability, and easy installation. Perfect upgrade for your vehicle.""","","[{""S"":""https://lighthubcustoms.s3.us-east-1.amazonaws.com/products/IMG-20260418-WA0312.jpeg""},{""S"":""https://lighthubcustoms.s3.us-east-1.amazonaws.com/products/IMG-20260418-WA0313.jpeg""},{""S"":""https://lighthubcustoms.s3.us-east-1.amazonaws.com/products/IMG-20260418-WA0314.jpeg""}]","https://lighthubcustoms.s3.us-east-1.amazonaws.com/products/IMG-20260418-WA0312.jpeg","T10 LED Interior Light - Blue","900","deal","""Power: 5W | Lumens: 600LM | Lifespan: 50,000 Hours | Color: Blue"""
"PROD-1779571898870-14","Exterior Accessories","High-quality automotive LED lighting solution. Rock Light Kit - 4 Pods RGB designed for superior performance and durability.","","","https://lighthubcustoms.s3.us-east-1.amazonaws.com/products/IMG-20260418-WA0034.jpeg","Rock Light Kit - 4 Pods RGB","4500","carousel","Pods: 4 x 3-Inch | LEDs: RGB Multicolor | Control: Bluetooth App | Waterproof: IP68 | Lumens: 800LM per pod"
"PROD-1779571869583-1","Headlights","High-quality automotive LED lighting solution. H7 LED Headlight Bulb - 6500K designed for superior performance and durability.","","","https://lighthubcustoms.s3.us-east-1.amazonaws.com/products/IMG-20260418-WA0003.jpeg","H7 LED Headlight Bulb - 6500K","4200","new-arrival","""Bulb Type: H7 | Power: 45W | Lumens: 9000LM | Color: 6500K Bright White | Lifespan: 50,000 Hours"""
"PROD-1779572549397-42","Interior Lighting","""Premium T10 LED Interior Light - White 6000K. High-quality automotive LED lighting solution designed for superior performance, durability, and easy installation. Perfect upgrade for your vehicle.""","","[{""S"":""https://lighthubcustoms.s3.us-east-1.amazonaws.com/products/IMG-20260418-WA0303.jpeg""},{""S"":""https://lighthubcustoms.s3.us-east-1.amazonaws.com/products/IMG-20260418-WA0304.jpeg""},{""S"":""https://lighthubcustoms.s3.us-east-1.amazonaws.com/products/IMG-20260418-WA0309.jpeg""}]","https://lighthubcustoms.s3.us-east-1.amazonaws.com/products/IMG-20260418-WA0303.jpeg","T10 LED Interior Light - White 6000K","800","carousel","""Power: 5W | Lumens: 600LM | Lifespan: 50,000 Hours | Color: White 6000K"""
"HL-PROJ-DLASER-001","Headlight Projectors","""Cutting-edge projector technology combining high-lumen Bi-LEDs with two focused laser diode arrays. The lasers are activated only on high beam, supercharging the central hotspot to penetrate extreme distances. The system uses a specialized phosphor converter lens to create a safe, bright white light from the blue laser light, preventing harmful radiation. Includes an intelligent thermal management system with dual cooling fans and heat sinks.""","","","https://lighthubcustoms.s3.us-east-1.amazonaws.com/products/Dual+laser+bi-led+projector+2.jpg","3.0-Inch Dual Laser Bi-LED Projector","4000000","carousel","""Projector Size: 3.0 Inch | LED Power: 50W | Laser Booster: 2x 2W Blue Laser Diodes | Total High Beam Output: >8000 Lumens | Beam Distance: 160-200m (Low) / 450-550m (High) | Hotspot Intensity: >220,000 Candela | Safety: IEC 60825-1 Laser Safety Class 1 Compliant | Cooling: Dual-Ball Bearing Fans + Aluminum Fins | Input: CANBUS Ready, 9-32V DC"""
"FL-PROJ-2INCH-001","Fog Lights & Auxiliary Lighting","""Compact fog light projector with sharp cutoff to minimize glare and backscatter in fog, rain, or snow. Die-cast aluminum housing.""","","","https://lighthubcustoms.s3.us-east-1.amazonaws.com/products/2+inch+fog+light+projector.jpg","2-Inch Fog Light Projector","850000","accessory","Beam Pattern: Wide Flood | Housing: Die-Cast Aluminum | Lens: Tempered Glass | Power: 18W | Light Output: 1200 Lumens | Color: 3000K Yellow or 6000K White | IP67"
"PROD-1779572655193-67","Accessories","""Premium LED Decoder Kit - 50W Resistor. High-quality automotive LED lighting solution designed for superior performance, durability, and easy installation. Perfect upgrade for your vehicle.""","","[{""S"":""https://lighthubcustoms.s3.us-east-1.amazonaws.com/products/IMG-20260418-WA0481.jpeg""},{""S"":""https://lighthubcustoms.s3.us-east-1.amazonaws.com/products/IMG-20260418-WA0482.jpeg""}]","https://lighthubcustoms.s3.us-east-1.amazonaws.com/products/IMG-20260418-WA0481.jpeg","LED Decoder Kit - 50W Resistor","1000","carousel","Purpose: Error Code Elimination | Heat Resistant | Color: 50W Resistor"
"INT-AMB-MM-001","Interior Lighting","""Complete interior transformation kit with 16 addressable RGB LED strips for dashboard, door panels, center console, and footwell illumination.""","","","https://lighthubcustoms.s3.us-east-1.amazonaws.com/products/ambient+light+muti+mode.jpg","Multi-Zone Interior Ambient Lighting Kit","1800000","new-arrival","""LED Strips: 4 x 50cm, 8 x 30cm, 4 x 15cm | Control: 3.5"""" Touchscreen Controller + OBD-II Module | Modes: 64 Static Colors, 12 Dynamic Patterns, Music Visualizer"""
"PROD-1779572557102-44","Interior Lighting","""Premium T10 LED Interior Light - Red. High-quality automotive LED lighting solution designed for superior performance, durability, and easy installation. Perfect upgrade for your vehicle.""","","[{""S"":""https://lighthubcustoms.s3.us-east-1.amazonaws.com/products/IMG-20260418-WA0315.jpeg""},{""S"":""https://lighthubcustoms.s3.us-east-1.amazonaws.com/products/IMG-20260418-WA0316.jpeg""}]","https://lighthubcustoms.s3.us-east-1.amazonaws.com/products/IMG-20260418-WA0315.jpeg","T10 LED Interior Light - Red","900","accessory","""Power: 5W | Lumens: 600LM | Lifespan: 50,000 Hours | Color: Red"""
"PROD-1779572577013-49","Interior Lighting","""Premium RGB LED Strip Kit - 2M. High-quality automotive LED lighting solution designed for superior performance, durability, and easy installation. Perfect upgrade for your vehicle.""","","[{""S"":""https://lighthubcustoms.s3.us-east-1.amazonaws.com/products/IMG-20260418-WA0345.jpeg""},{""S"":""https://lighthubcustoms.s3.us-east-1.amazonaws.com/products/IMG-20260418-WA0346.jpeg""}]","https://lighthubcustoms.s3.us-east-1.amazonaws.com/products/IMG-20260418-WA0345.jpeg","RGB LED Strip Kit - 2M","1800","accessory","LEDs: 300 SMD 5050 | Control: Remote + App | Waterproof: IP65 | Color: 2M"
"ACC-LED-SCREEN-001","Accessories & Displays","""A bendable, waterproof LED panel that displays custom text, scrolling messages, or simple graphics via smartphone app over Bluetooth.""","","","https://lighthubcustoms.s3.us-east-1.amazonaws.com/products/Led+flexibile+screen.jpg","Flexible LED Message Display Panel","550000","new-arrival","""Display Area: 300mm x 40mm | Resolution: 32 x 8 Red LEDs | Brightness: >3000 nits | Control: Bluetooth 5.0 | Power: 12V DC | Enclosure: Silicone Sleeve, IP65"""
"PROD-1779571964544-13","Interior Lighting","High-quality automotive LED lighting solution. LED Dome Light - Cool White designed for superior performance and durability.","","","https://lighthubcustoms.s3.us-east-1.amazonaws.com/products/IMG-20260418-WA0033.jpeg","LED Dome Light - Cool White","1000","new-arrival","""Type: Festoon 31mm | Power: 6W | Lumens: 800LM | Color: 6000K | Lifespan: 50,000 Hours"""
"PROD-1779572409577-12","Headlights","""Premium HB4 LED Headlight Bulb - 6500K. High-quality automotive LED lighting solution designed for superior performance, durability, and easy installation. Perfect upgrade for your vehicle.""","","[{""S"":""https://lighthubcustoms.s3.us-east-1.amazonaws.com/products/IMG-20260418-WA0085.jpeg""},{""S"":""https://lighthubcustoms.s3.us-east-1.amazonaws.com/products/IMG-20260418-WA0086.jpeg""}]","https://lighthubcustoms.s3.us-east-1.amazonaws.com/products/IMG-20260418-WA0085.jpeg","HB4 LED Headlight Bulb - 6500K","4300","carousel","""Power: 40W | Lumens: 8000LM | Lifespan: 50,000 Hours | Color: 6500K"""
"PROD-1779571910233-19","Angel Eyes & Halo Rings","High-quality automotive LED lighting solution. Angel Eye Halo Rings - 80mm designed for superior performance and durability.","","","https://lighthubcustoms.s3.us-east-1.amazonaws.com/products/IMG-20260418-WA0053.jpeg","Angel Eye Halo Rings - 80mm","1800","new-arrival","Diameter: 80mm | LEDs: SMD 2835 | Color: 6000K White | Power: 3W | Quantity: 2 Rings"
"PROD-1779572391734-7","Headlights","""Premium H4 LED Headlight Bulb - Hi/Lo 6500K. High-quality automotive LED lighting solution designed for superior performance, durability, and easy installation. Perfect upgrade for your vehicle.""","","[{""S"":""https://lighthubcustoms.s3.us-east-1.amazonaws.com/products/IMG-20260418-WA0051.jpeg""},{""S"":""https://lighthubcustoms.s3.us-east-1.amazonaws.com/products/IMG-20260418-WA0052.jpeg""},{""S"":""https://lighthubcustoms.s3.us-east-1.amazonaws.com/products/IMG-20260418-WA0053.jpeg""}]","https://lighthubcustoms.s3.us-east-1.amazonaws.com/products/IMG-20260418-WA0051.jpeg","H4 LED Headlight Bulb - Hi/Lo 6500K","5800","carousel","Power: 60W | Lumens: 12000LM | Beam: Hi/Lo Dual | Color: Hi/Lo 6500K"
"PROD-1779571941058-1","Headlights","High-quality automotive LED lighting solution. H7 LED Headlight Bulb - 6500K designed for superior performance and durability.","","","https://lighthubcustoms.s3.us-east-1.amazonaws.com/products/IMG-20260418-WA0003.jpeg","H7 LED Headlight Bulb - 6500K","4200","new-arrival","""Bulb Type: H7 | Power: 45W | Lumens: 9000LM | Color: 6500K Bright White | Lifespan: 50,000 Hours"""
"PROD-1779572501215-33","Taillights","""Premium 921 LED Reverse Light - 6000K. High-quality automotive LED lighting solution designed for superior performance, durability, and easy installation. Perfect upgrade for your vehicle.""","","[{""S"":""https://lighthubcustoms.s3.us-east-1.amazonaws.com/products/IMG-20260418-WA0223.jpeg""},{""S"":""https://lighthubcustoms.s3.us-east-1.amazonaws.com/products/IMG-20260418-WA0244.jpeg""}]","https://lighthubcustoms.s3.us-east-1.amazonaws.com/products/IMG-20260418-WA0223.jpeg","921 LED Reverse Light - 6000K","1200","deal","""Power: 12W | Lumens: 1500LM | Lifespan: 50,000 Hours | Color: 6000K"""
"PROD-1779571962773-12","Interior Lighting","High-quality automotive LED lighting solution. RGB LED Strip - 5M Interior Kit designed for superior performance and durability.","","","https://lighthubcustoms.s3.us-east-1.amazonaws.com/products/IMG-20260418-WA0032.jpeg","RGB LED Strip - 5M Interior Kit","2500","deal","Length: 5 Meters | LEDs: 300 SMD 5050 | Control: Remote + App | Colors: 16 Million | Waterproof: IP65"
"PROD-1779572459241-24","Fog Lights","""Premium H8 Fog Light LED - Yellow 3000K. High-quality automotive LED lighting solution designed for superior performance, durability, and easy installation. Perfect upgrade for your vehicle.""","","[{""S"":""https://lighthubcustoms.s3.us-east-1.amazonaws.com/products/IMG-20260418-WA0169.jpeg""},{""S"":""https://lighthubcustoms.s3.us-east-1.amazonaws.com/products/IMG-20260418-WA0174.jpeg""}]","https://lighthubcustoms.s3.us-east-1.amazonaws.com/products/IMG-20260418-WA0169.jpeg","H8 Fog Light LED - Yellow 3000K","3200","accessory","""Power: 25W | Lumens: 5000LM | Lifespan: 50,000 Hours | Color: Yellow 3000K"""
"PROD-1779572569805-47","Interior Lighting","""Premium Festoon LED Dome Light - 36mm White. High-quality automotive LED lighting solution designed for superior performance, durability, and easy installation. Perfect upgrade for your vehicle.""","","[{""S"":""https://lighthubcustoms.s3.us-east-1.amazonaws.com/products/IMG-20260418-WA0331.jpeg""},{""S"":""https://lighthubcustoms.s3.us-east-1.amazonaws.com/products/IMG-20260418-WA0342.jpeg""}]","https://lighthubcustoms.s3.us-east-1.amazonaws.com/products/IMG-20260418-WA0331.jpeg","Festoon LED Dome Light - 36mm White","1100","carousel","""Power: 6W | Lumens: 800LM | Lifespan: 50,000 Hours | Color: 36mm White"""
"PROD-1779571947511-4","Fog Lights","High-quality automotive LED lighting solution. H11 Fog Light LED - Yellow designed for superior performance and durability.","","","https://lighthubcustoms.s3.us-east-1.amazonaws.com/products/IMG-20260418-WA0012.jpeg","H11 Fog Light LED - Yellow","3500","best-seller","""Bulb Type: H11 | Power: 30W | Lumens: 6000LM | Color: 3000K Yellow | Lifespan: 50,000 Hours"""
"PROD-1779571966491-14","Exterior Accessories","High-quality automotive LED lighting solution. Rock Light Kit - 4 Pods RGB designed for superior performance and durability.","","","https://lighthubcustoms.s3.us-east-1.amazonaws.com/products/IMG-20260418-WA0034.jpeg","Rock Light Kit - 4 Pods RGB","4500","carousel","Pods: 4 x 3-Inch | LEDs: RGB Multicolor | Control: Bluetooth App | Waterproof: IP68 | Lumens: 800LM per pod"
"PROD-1779572584777-51","Interior Lighting","""Premium RGB LED Strip Kit - 10M. High-quality automotive LED lighting solution designed for superior performance, durability, and easy installation. Perfect upgrade for your vehicle.""","","[{""S"":""https://lighthubcustoms.s3.us-east-1.amazonaws.com/products/IMG-20260418-WA0364.jpeg""},{""S"":""https://lighthubcustoms.s3.us-east-1.amazonaws.com/products/IMG-20260418-WA0365.jpeg""}]","https://lighthubcustoms.s3.us-east-1.amazonaws.com/products/IMG-20260418-WA0364.jpeg","RGB LED Strip Kit - 10M","4000","new-arrival","LEDs: 300 SMD 5050 | Control: Remote + App | Waterproof: IP65 | Color: 10M"
"PROD-1779572394897-8","Headlights","""Premium H4 LED Headlight Bulb - Hi/Lo 8000K. High-quality automotive LED lighting solution designed for superior performance, durability, and easy installation. Perfect upgrade for your vehicle.""","","[{""S"":""https://lighthubcustoms.s3.us-east-1.amazonaws.com/products/IMG-20260418-WA0054.jpeg""},{""S"":""https://lighthubcustoms.s3.us-east-1.amazonaws.com/products/IMG-20260418-WA0055.jpeg""}]","https://lighthubcustoms.s3.us-east-1.amazonaws.com/products/IMG-20260418-WA0054.jpeg","H4 LED Headlight Bulb - Hi/Lo 8000K","6200","deal","Power: 60W | Lumens: 12000LM | Beam: Hi/Lo Dual | Color: Hi/Lo 8000K"
"PROD-1779572643143-64","Angel Eyes & Halo Rings","""Premium RGB Angel Eye Ring - 80mm. High-quality automotive LED lighting solution designed for superior performance, durability, and easy installation. Perfect upgrade for your vehicle.""","","[{""S"":""https://lighthubcustoms.s3.us-east-1.amazonaws.com/products/IMG-20260418-WA0459.jpeg""},{""S"":""https://lighthubcustoms.s3.us-east-1.amazonaws.com/products/IMG-20260418-WA0460.jpeg""},{""S"":""https://lighthubcustoms.s3.us-east-1.amazonaws.com/products/IMG-20260418-WA0461.jpeg""}]","https://lighthubcustoms.s3.us-east-1.amazonaws.com/products/IMG-20260418-WA0459.jpeg","RGB Angel Eye Ring - 80mm","2500","accessory","LEDs: RGB SMD | Control: Remote | Modes: 16 Colors | Color: 80mm"
"PROD-1779572487678-30","Taillights","""Premium 7443 LED Tail Light - Red. High-quality automotive LED lighting solution designed for superior performance, durability, and easy installation. Perfect upgrade for your vehicle.""","","[{""S"":""https://lighthubcustoms.s3.us-east-1.amazonaws.com/products/IMG-20260418-WA0214.jpeg""},{""S"":""https://lighthubcustoms.s3.us-east-1.amazonaws.com/products/IMG-20260418-WA0215.jpeg""},{""S"":""https://lighthubcustoms.s3.us-east-1.amazonaws.com/products/IMG-20260418-WA0216.jpeg""}]","https://lighthubcustoms.s3.us-east-1.amazonaws.com/products/IMG-20260418-WA0214.jpeg","7443 LED Tail Light - Red","1500","best-seller","""Power: 15W | Lumens: 1800LM | Lifespan: 50,000 Hours | Color: Red"""
"PROD-1779572652029-66","Accessories","""Premium LED Decoder Kit - Canbus Universal. High-quality automotive LED lighting solution designed for superior performance, durability, and easy installation. Perfect upgrade for your vehicle.""","","[{""S"":""https://lighthubcustoms.s3.us-east-1.amazonaws.com/products/IMG-20260418-WA0479.jpeg""},{""S"":""https://lighthubcustoms.s3.us-east-1.amazonaws.com/products/IMG-20260418-WA0480.jpeg""}]","https://lighthubcustoms.s3.us-east-1.amazonaws.com/products/IMG-20260418-WA0479.jpeg","LED Decoder Kit - Canbus Universal","800","new-arrival","Purpose: Error Code Elimination | Heat Resistant | Color: Canbus Universal"
"PROD-1779571955680-8","Taillights","High-quality automotive LED lighting solution. 921 LED Reverse Light - 6000K designed for superior performance and durability.","","","https://lighthubcustoms.s3.us-east-1.amazonaws.com/products/IMG-20260418-WA0024.jpeg","921 LED Reverse Light - 6000K","1200","new-arrival","""Bulb Type: 921 | Power: 12W | Lumens: 1500LM | Color: 6000K White | Lifespan: 50,000 Hours"""
"PROD-1779571915463-21","Exterior Accessories","High-quality automotive LED lighting solution. Puddle Light LED - Logo Projector designed for superior performance and durability.","","","https://lighthubcustoms.s3.us-east-1.amazonaws.com/products/IMG-20260418-WA0055.jpeg","Puddle Light LED - Logo Projector","1500","new-arrival","Type: Door Mirror Projector | Power: 5W | Logo: Customizable | Color: White | Quantity: 2 Pieces"
"PROD-1779571923272-25","Accessories","High-quality automotive LED lighting solution. Canbus LED Decoder - Universal designed for superior performance and durability.","","","https://lighthubcustoms.s3.us-east-1.amazonaws.com/products/IMG-20260418-WA0069.jpeg","Canbus LED Decoder - Universal","1000","accessory","Type: Canbus Error Eliminator | Compatibility: Universal | Voltage: 12V | Quantity: 2 Pieces"
"PROD-1779572507851-35","Taillights","""Premium 3157 LED Tail Light - Red. High-quality automotive LED lighting solution designed for superior performance, durability, and easy installation. Perfect upgrade for your vehicle.""","","[{""S"":""https://lighthubcustoms.s3.us-east-1.amazonaws.com/products/IMG-20260418-WA0249.jpeg""},{""S"":""https://lighthubcustoms.s3.us-east-1.amazonaws.com/products/IMG-20260418-WA0251.jpeg""}]","https://lighthubcustoms.s3.us-east-1.amazonaws.com/products/IMG-20260418-WA0249.jpeg","3157 LED Tail Light - Red","1400","best-seller","""Power: 14W | Lumens: 1700LM | Lifespan: 50,000 Hours | Color: Red"""
"PROD-1779571876466-3","Headlights","High-quality automotive LED lighting solution. D3S HID Xenon Bulb - 5000K designed for superior performance and durability.","","","https://lighthubcustoms.s3.us-east-1.amazonaws.com/products/IMG-20260418-WA0009.jpeg","D3S HID Xenon Bulb - 5000K","8500","deal","""Bulb Type: D3S | Power: 35W | Lumens: 3200LM | Color: 5000K Pure White | Lifespan: 3,000 Hours"""
"PROD-1779571953555-7","Taillights","High-quality automotive LED lighting solution. 7443 LED Tail Light Bulb - Red designed for superior performance and durability.","","","https://lighthubcustoms.s3.us-east-1.amazonaws.com/products/IMG-20260418-WA0021.jpeg","7443 LED Tail Light Bulb - Red","1500","best-seller","""Bulb Type: 7443 | Power: 15W | Lumens: 1800LM | Color: Red | Lifespan: 50,000 Hours"""
"HL-PROJ-TRICOLOR-001","Headlight Projectors","A unique projector that merges high-performance lighting with customizable aesthetics. Features RGB LEDs around the shutter for 'demon eye' effect.","15% OFF","","https://lighthubcustoms.s3.us-east-1.amazonaws.com/products/2.5+headlight+bi+led+projector.jpg","2.5-Inch Tricolor Switchback Bi-LED Projector","2600000","deal","""Projector Core: 2.5-Inch Bi-LED | Auxiliary Light: 12x RGB SMD LEDs around shutter | Auxiliary Modes: RGB Static, RGB Cycle, Amber Turn Signal, Demon Eye | Main Beam Color: 5500K White"""
"PROD-1779571982119-21","Exterior Accessories","High-quality automotive LED lighting solution. Puddle Light LED - Logo Projector designed for superior performance and durability.","","","https://lighthubcustoms.s3.us-east-1.amazonaws.com/products/IMG-20260418-WA0055.jpeg","Puddle Light LED - Logo Projector","1500","new-arrival","Type: Door Mirror Projector | Power: 5W | Logo: Customizable | Color: White | Quantity: 2 Pieces"
"PROD-1779572539999-41","Turn Signals","""Premium 3157 LED Turn Signal - Amber Sequential. High-quality automotive LED lighting solution designed for superior performance, durability, and easy installation. Perfect upgrade for your vehicle.""","","[{""S"":""https://lighthubcustoms.s3.us-east-1.amazonaws.com/products/IMG-20260418-WA0294.jpeg""},{""S"":""https://lighthubcustoms.s3.us-east-1.amazonaws.com/products/IMG-20260418-WA0296.jpeg""}]","https://lighthubcustoms.s3.us-east-1.amazonaws.com/products/IMG-20260418-WA0294.jpeg","3157 LED Turn Signal - Amber Sequential","1700","new-arrival","""Power: 10W | Lumens: 1200LM | Lifespan: 50,000 Hours | Color: Amber Sequential"""
"PROD-1779571907878-18","Headlight Projectors","High-quality automotive LED lighting solution. Bi-LED Projector Retrofit Kit designed for superior performance and durability.","","","https://lighthubcustoms.s3.us-east-1.amazonaws.com/products/IMG-20260418-WA0052.jpeg","Bi-LED Projector Retrofit Kit","15000","carousel","Size: 3.0 Inch | Power: 60W | Lumens: 12000LM | Color: 6000K | Beam: Bi-Function Low/High"
"PROD-1779571959483-10","Interior Lighting","High-quality automotive LED lighting solution. T10 LED Parking Light - White designed for superior performance and durability.","","","https://lighthubcustoms.s3.us-east-1.amazonaws.com/products/IMG-20260418-WA0030.jpeg","T10 LED Parking Light - White","800","accessory","""Bulb Type: T10 | Power: 5W | Lumens: 600LM | Color: 6000K White | Lifespan: 50,000 Hours"""
"ACC-5D-ANGEL-001","Angel Eyes & Halo Rings","Next-generation 5D optical lens design creates stunning three-dimensional lighting effect with full RGB spectrum control via wireless remote or app.","","","https://lighthubcustoms.s3.us-east-1.amazonaws.com/products/5d+Angel+light.jpg","5D RGB Multifunction Angel Eye Ring","1200000","accessory","""Ring Diameters: 70mm-110mm | LED Type: SMD 5050 RGB | Power: 6W per ring | Control: RF Remote + App | Modes: DRL, RGB Static, Flow, Breathe, Turn Signal, Music Sync | IP65"""
"PROD-1779571985805-23","Accessories","High-quality automotive LED lighting solution. LED Bulb Installation Tool Kit designed for superior performance and durability.","","","https://lighthubcustoms.s3.us-east-1.amazonaws.com/products/IMG-20260418-WA0067.jpeg","LED Bulb Installation Tool Kit","1200","accessory","""Includes: Bulb Removal Tool, Wire Strippers, Crimpers, Electrical Tape, Cable Ties"""
"HL-PROJ-BILED-STD-001","Headlight Projectors","The workhorse of LED retrofitting. Offers exceptional value and performance with clear focused beam and sharp cutoff.","","","https://lighthubcustoms.s3.us-east-1.amazonaws.com/products/Bi+led+projector+headlight.jpg","Standard 3.0-Inch Bi-LED Headlight Projector","2500000","accessory","""Projector Diameter: 3.0 Inches | LED Power: 40W Low / 50W High | Luminous Flux: 3600 Lumens (Low) / 5200 Lumens (High) | Lens: UV-Resistant Polycarbonate | Solenoid Life: >150,000 Cycles"""
"PROD-1779572474867-27","Fog Lights","""Premium H16 Fog Light LED - White 6000K. High-quality automotive LED lighting solution designed for superior performance, durability, and easy installation. Perfect upgrade for your vehicle.""","","[{""S"":""https://lighthubcustoms.s3.us-east-1.amazonaws.com/products/IMG-20260418-WA0183.jpeg""},{""S"":""https://lighthubcustoms.s3.us-east-1.amazonaws.com/products/IMG-20260418-WA0197.jpeg""},{""S"":""https://lighthubcustoms.s3.us-east-1.amazonaws.com/products/IMG-20260418-WA0199.jpeg""}]","https://lighthubcustoms.s3.us-east-1.amazonaws.com/products/IMG-20260418-WA0183.jpeg","H16 Fog Light LED - White 6000K","4100","carousel","""Power: 35W | Lumens: 7000LM | Lifespan: 50,000 Hours | Color: White 6000K"""
"PROD-1779571886761-8","Taillights","High-quality automotive LED lighting solution. 921 LED Reverse Light - 6000K designed for superior performance and durability.","","","https://lighthubcustoms.s3.us-east-1.amazonaws.com/products/IMG-20260418-WA0024.jpeg","921 LED Reverse Light - 6000K","1200","new-arrival","""Bulb Type: 921 | Power: 12W | Lumens: 1500LM | Color: 6000K White | Lifespan: 50,000 Hours"""
"PROD-1779571897021-13","Interior Lighting","High-quality automotive LED lighting solution. LED Dome Light - Cool White designed for superior performance and durability.","","","https://lighthubcustoms.s3.us-east-1.amazonaws.com/products/IMG-20260418-WA0033.jpeg","LED Dome Light - Cool White","1000","new-arrival","""Type: Festoon 31mm | Power: 6W | Lumens: 800LM | Color: 6000K | Lifespan: 50,000 Hours"""
"PROD-1779572462791-25","Fog Lights","""Premium H8 Fog Light LED - White 6000K. High-quality automotive LED lighting solution designed for superior performance, durability, and easy installation. Perfect upgrade for your vehicle.""","","[{""S"":""https://lighthubcustoms.s3.us-east-1.amazonaws.com/products/IMG-20260418-WA0176.jpeg""},{""S"":""https://lighthubcustoms.s3.us-east-1.amazonaws.com/products/IMG-20260418-WA0179.jpeg""}]","https://lighthubcustoms.s3.us-east-1.amazonaws.com/products/IMG-20260418-WA0176.jpeg","H8 Fog Light LED - White 6000K","3500","best-seller","""Power: 25W | Lumens: 5000LM | Lifespan: 50,000 Hours | Color: White 6000K"""
"PROD-1779571957769-9","Turn Signals","High-quality automotive LED lighting solution. 7440A Amber Turn Signal LED designed for superior performance and durability.","","","https://lighthubcustoms.s3.us-east-1.amazonaws.com/products/IMG-20260418-WA0027.jpeg","7440A Amber Turn Signal LED","1400","best-seller","""Bulb Type: 7440A | Power: 10W | Lumens: 1200LM | Color: Amber | Lifespan: 50,000 Hours"""
"PROD-1779572615924-58","Headlight Projectors","""Premium Laser Bi-LED Projector - Dual Laser. High-quality automotive LED lighting solution designed for superior performance, durability, and easy installation. Perfect upgrade for your vehicle.""","","[{""S"":""https://lighthubcustoms.s3.us-east-1.amazonaws.com/products/IMG-20260418-WA0414.jpeg""},{""S"":""https://lighthubcustoms.s3.us-east-1.amazonaws.com/products/IMG-20260418-WA0415.jpeg""}]","https://lighthubcustoms.s3.us-east-1.amazonaws.com/products/IMG-20260418-WA0414.jpeg","Laser Bi-LED Projector - Dual Laser","35000","deal","""Power: 65W | Peak Intensity: >350,000 Candela | Warranty: 5 Years | Color: Dual Laser"""
"PROD-1779572516524-37","Turn Signals","""Premium 7440 LED Turn Signal - Amber. High-quality automotive LED lighting solution designed for superior performance, durability, and easy installation. Perfect upgrade for your vehicle.""","","[{""S"":""https://lighthubcustoms.s3.us-east-1.amazonaws.com/products/IMG-20260418-WA0254.jpeg""},{""S"":""https://lighthubcustoms.s3.us-east-1.amazonaws.com/products/IMG-20260418-WA0258.jpeg""},{""S"":""https://lighthubcustoms.s3.us-east-1.amazonaws.com/products/IMG-20260418-WA0260.jpeg""}]","https://lighthubcustoms.s3.us-east-1.amazonaws.com/products/IMG-20260418-WA0254.jpeg","7440 LED Turn Signal - Amber","1400","carousel","""Power: 10W | Lumens: 1200LM | Lifespan: 50,000 Hours | Color: Amber"""
"PROD-1779571996554-28","Accessories","High-quality automotive LED lighting solution. LED Headlight Cooling Fan designed for superior performance and durability.","","","https://lighthubcustoms.s3.us-east-1.amazonaws.com/products/IMG-20260418-WA0084.jpeg","LED Headlight Cooling Fan","1500","accessory","""Type: Turbo Cooling Fan | RPM: 12000 | Voltage: 12V | Noise: <30dB | Lifespan: 50,000 Hours"""
"PROD-1779572424779-15","Headlights","""Premium D3S HID Xenon Bulb - 4300K. High-quality automotive LED lighting solution designed for superior performance, durability, and easy installation. Perfect upgrade for your vehicle.""","","[{""S"":""https://lighthubcustoms.s3.us-east-1.amazonaws.com/products/IMG-20260418-WA0109.jpeg""},{""S"":""https://lighthubcustoms.s3.us-east-1.amazonaws.com/products/IMG-20260418-WA0110.jpeg""}]","https://lighthubcustoms.s3.us-east-1.amazonaws.com/products/IMG-20260418-WA0109.jpeg","D3S HID Xenon Bulb - 4300K","8000","best-seller","""Power: 35W | Lumens: 3200LM | Lifespan: 3,000 Hours | Color: 4300K"""